,seq,seq_len,ir_triplet_index,ir_a,ir_b,ir_c,ir_pairs,ir_a_fe,ir_b_fe,ir_c_fe,ir_triplet_fe_sum,ir_triplet_fe_union,fe_additivity_assumption_held,num_invalid_loop_forming_pairs_in_triplet
0,UGAUGACAAAUGCUUAACCCAAGCACGGCA,30,0,"((0, 1), (28, 29))","((2, 3), (9, 10))","((2, 3), (9, 10))","[(((0, 1), (28, 29)), ((2, 3), (9, 10))), (((0, 1), (28, 29)), ((7, 8), (13, 14))), (((2, 3), (9, 10)), ((7, 8), (13, 14)))]",4.6,2.4,3.9,10.9,100006.8984,False,1
1,UGAUGACAAAUGCUUAACCCAAGCACGGCA,30,1,"((0, 1), (28, 29))","((2, 3), (9, 10))","((2, 3), (9, 10))","[(((0, 1), (28, 29)), ((2, 3), (9, 10))), (((0, 1), (28, 29)), ((17, 18), (26, 27))), (((2, 3), (9, 10)), ((17, 18), (26, 27)))]",4.6,2.4,0.5,7.5,6.6,False,0
2,UGAUGACAAAUGCUUAACCCAAGCACGGCA,30,2,"((0, 1), (28, 29))","((2, 3), (9, 10))","((2, 3), (9, 10))","[(((0, 1), (28, 29)), ((2, 3), (9, 10))), (((0, 1), (28, 29)), ((18, 19), (26, 27))), (((2, 3), (9, 10)), ((18, 19), (26, 27)))]",4.6,2.4,-0.1,6.9,6.0,False,0
3,UGAUGACAAAUGCUUAACCCAAGCACGGCA,30,3,"((0, 1), (28, 29))","((3, 4), (23, 24))","((3, 4), (23, 24))","[(((0, 1), (28, 29)), ((3, 4), (23, 24))), (((0, 1), (28, 29)), ((7, 8), (13, 14))), (((3, 4), (23, 24)), ((7, 8), (13, 14)))]",4.6,3.6,3.9,12.1,8.9,False,0
4,UGAUGACAAAUGCUUAACCCAAGCACGGCA,30,4,"((0, 1), (28, 29))","((3, 4), (23, 24))","((3, 4), (23, 24))","[(((0, 1), (28, 29)), ((3, 4), (23, 24))), (((0, 1), (28, 29)), ((8, 9), (13, 14))), (((3, 4), (23, 24)), ((8, 9), (13, 14)))]",4.6,3.6,4.5,12.7,9.8,False,0
5,UGAUGACAAAUGCUUAACCCAAGCACGGCA,30,5,"((0, 1), (28, 29))","((3, 4), (23, 24))","((3, 4), (23, 24))","[(((0, 1), (28, 29)), ((3, 4), (23, 24))), (((0, 1), (28, 29)), ((10, 11), (19, 20))), (((3, 4), (23, 24)), ((10, 11), (19, 20)))]",4.6,3.6,2.9,11.1,6.3,False,0
6,UGAUGACAAAUGCUUAACCCAAGCACGGCA,30,6,"((0, 1), (28, 29))","((3, 4), (23, 24))","((3, 4), (23, 24))","[(((0, 1), (28, 29)), ((3, 4), (23, 24))), (((0, 1), (28, 29)), ((17, 18), (26, 27))), (((3, 4), (23, 24)), ((17, 18), (26, 27)))]",4.6,3.6,0.5,8.7,14.0,False,0
7,UGAUGACAAAUGCUUAACCCAAGCACGGCA,30,7,"((0, 1), (28, 29))","((3, 4), (23, 24))","((3, 4), (23, 24))","[(((0, 1), (28, 29)), ((3, 4), (23, 24))), (((0, 1), (28, 29)), ((18, 19), (26, 27))), (((3, 4), (23, 24)), ((18, 19), (26, 27)))]",4.6,3.6,-0.1,8.1,14.5,False,0
8,UGAUGACAAAUGCUUAACCCAAGCACGGCA,30,8,"((0, 1), (28, 29))","((3, 4), (19, 20))","((3, 4), (19, 20))","[(((0, 1), (28, 29)), ((3, 4), (19, 20))), (((0, 1), (28, 29)), ((7, 8), (13, 14))), (((3, 4), (19, 20)), ((7, 8), (13, 14)))]",4.6,3.0,3.9,11.5,10.4,False,0
9,UGAUGACAAAUGCUUAACCCAAGCACGGCA,30,9,"((0, 1), (28, 29))","((3, 4), (19, 20))","((3, 4), (19, 20))","[(((0, 1), (28, 29)), ((3, 4), (19, 20))), (((0, 1), (28, 29)), ((8, 9), (13, 14))), (((3, 4), (19, 20)), ((8, 9), (13, 14)))]",4.6,3.0,4.5,12.1,10.7,False,0
10,UGAUGACAAAUGCUUAACCCAAGCACGGCA,30,10,"((0, 1), (28, 29))","((3, 4), (19, 20))","((3, 4), (19, 20))","[(((0, 1), (28, 29)), ((3, 4), (19, 20))), (((0, 1), (28, 29)), ((17, 18), (26, 27))), (((3, 4), (19, 20)), ((17, 18), (26, 27)))]",4.6,3.0,0.5,8.1,100008.7969,False,1
11,UGAUGACAAAUGCUUAACCCAAGCACGGCA,30,11,"((0, 1), (28, 29))","((7, 8), (13, 14))","((7, 8), (13, 14))","[(((0, 1), (28, 29)), ((7, 8), (13, 14))), (((0, 1), (28, 29)), ((10, 11), (19, 20))), (((7, 8), (13, 14)), ((10, 11), (19, 20)))]",4.6,3.9,2.9,11.4,100009.0,False,1
12,UGAUGACAAAUGCUUAACCCAAGCACGGCA,30,12,"((0, 1), (28, 29))","((7, 8), (13, 14))","((7, 8), (13, 14))","[(((0, 1), (28, 29)), ((7, 8), (13, 14))), (((0, 1), (28, 29)), ((17, 18), (26, 27))), (((7, 8), (13, 14)), ((17, 18), (26, 27)))]",4.6,3.9,0.5,9.0,8.1,False,0
13,UGAUGACAAAUGCUUAACCCAAGCACGGCA,30,13,"((0, 1), (28, 29))","((7, 8), (13, 14))","((7, 8), (13, 14))","[(((0, 1), (28, 29)), ((7, 8), (13, 14))), (((0, 1), (28, 29)), ((18, 19), (26, 27))), (((7, 8), (13, 14)), ((18, 19), (26, 27)))]",4.6,3.9,-0.1,8.4,7.5,False,0
14,UGAUGACAAAUGCUUAACCCAAGCACGGCA,30,14,"((0, 1), (28, 29))","((8, 9), (13, 14))","((8, 9), (13, 14))","[(((0, 1), (28, 29)), ((8, 9), (13, 14))), (((0, 1), (28, 29)), ((10, 11), (19, 20))), (((8, 9), (13, 14)), ((10, 11), (19, 20)))]",4.6,4.5,2.9,12.0,100007.8984,False,1
15,UGAUGACAAAUGCUUAACCCAAGCACGGCA,30,15,"((0, 1), (28, 29))","((8, 9), (13, 14))","((8, 9), (13, 14))","[(((0, 1), (28, 29)), ((8, 9), (13, 14))), (((0, 1), (28, 29)), ((17, 18), (26, 27))), (((8, 9), (13, 14)), ((17, 18), (26, 27)))]",4.6,4.5,0.5,9.6,8.7,False,0
16,UGAUGACAAAUGCUUAACCCAAGCACGGCA,30,16,"((0, 1), (28, 29))","((8, 9), (13, 14))","((8, 9), (13, 14))","[(((0, 1), (28, 29)), ((8, 9), (13, 14))), (((0, 1), (28, 29)), ((18, 19), (26, 27))), (((8, 9), (13, 14)), ((18, 19), (26, 27)))]",4.6,4.5,-0.1,9.0,8.1,False,0
17,UGAUGACAAAUGCUUAACCCAAGCACGGCA,30,17,"((0, 1), (28, 29))","((10, 14), (20, 24))","((10, 14), (20, 24))","[(((0, 1), (28, 29)), ((10, 14), (20, 24))), (((0, 1), (28, 29)), ((17, 18), (26, 27))), (((10, 14), (20, 24)), ((17, 18), (26, 27)))]",4.6,-3.2,0.5,1.9,100016.7031,False,1
18,UGAUGACAAAUGCUUAACCCAAGCACGGCA,30,18,"((0, 1), (28, 29))","((10, 14), (20, 24))","((10, 14), (20, 24))","[(((0, 1), (28, 29)), ((10, 14), (20, 24))), (((0, 1), (28, 29)), ((18, 19), (26, 27))), (((10, 14), (20, 24)), ((18, 19), (26, 27)))]",4.6,-3.2,-0.1,1.3,100017.1016,False,1
19,UGAUGACAAAUGCUUAACCCAAGCACGGCA,30,19,"((0, 1), (28, 29))","((10, 11), (19, 20))","((10, 11), (19, 20))","[(((0, 1), (28, 29)), ((10, 11), (19, 20))), (((0, 1), (28, 29)), ((17, 18), (26, 27))), (((10, 11), (19, 20)), ((17, 18), (26, 27)))]",4.6,2.9,0.5,8.0,100009.1016,False,1
20,UGAUGACAAAUGCUUAACCCAAGCACGGCA,30,20,"((0, 1), (23, 24))","((2, 3), (9, 10))","((2, 3), (9, 10))","[(((0, 1), (23, 24)), ((2, 3), (9, 10))), (((0, 1), (23, 24)), ((7, 8), (13, 14))), (((2, 3), (9, 10)), ((7, 8), (13, 14)))]",3.9,2.4,3.9,10.2,100005.8984,False,1
21,UGAUGACAAAUGCUUAACCCAAGCACGGCA,30,21,"((0, 1), (23, 24))","((2, 3), (9, 10))","((2, 3), (9, 10))","[(((0, 1), (23, 24)), ((2, 3), (9, 10))), (((0, 1), (23, 24)), ((17, 18), (26, 27))), (((2, 3), (9, 10)), ((17, 18), (26, 27)))]",3.9,2.4,0.5,6.8,15.7,False,0
22,UGAUGACAAAUGCUUAACCCAAGCACGGCA,30,22,"((0, 1), (23, 24))","((2, 3), (9, 10))","((2, 3), (9, 10))","[(((0, 1), (23, 24)), ((2, 3), (9, 10))), (((0, 1), (23, 24)), ((18, 19), (26, 27))), (((2, 3), (9, 10)), ((18, 19), (26, 27)))]",3.9,2.4,-0.1,6.2,16.1,False,0
23,UGAUGACAAAUGCUUAACCCAAGCACGGCA,30,23,"((0, 1), (23, 24))","((3, 4), (28, 29))","((3, 4), (28, 29))","[(((0, 1), (23, 24)), ((3, 4), (28, 29))), (((0, 1), (23, 24)), ((7, 8), (13, 14))), (((3, 4), (28, 29)), ((7, 8), (13, 14)))]",3.9,4.2,3.9,12.0,8.9,False,0
24,UGAUGACAAAUGCUUAACCCAAGCACGGCA,30,24,"((0, 1), (23, 24))","((3, 4), (28, 29))","((3, 4), (28, 29))","[(((0, 1), (23, 24)), ((3, 4), (28, 29))), (((0, 1), (23, 24)), ((8, 9), (13, 14))), (((3, 4), (28, 29)), ((8, 9), (13, 14)))]",3.9,4.2,4.5,12.6,9.8,False,0
25,UGAUGACAAAUGCUUAACCCAAGCACGGCA,30,25,"((0, 1), (23, 24))","((3, 4), (28, 29))","((3, 4), (28, 29))","[(((0, 1), (23, 24)), ((3, 4), (28, 29))), (((0, 1), (23, 24)), ((10, 11), (19, 20))), (((3, 4), (28, 29)), ((10, 11), (19, 20)))]",3.9,4.2,2.9,11.0,6.3,False,0
26,UGAUGACAAAUGCUUAACCCAAGCACGGCA,30,26,"((0, 1), (23, 24))","((3, 4), (28, 29))","((3, 4), (28, 29))","[(((0, 1), (23, 24)), ((3, 4), (28, 29))), (((0, 1), (23, 24)), ((17, 18), (26, 27))), (((3, 4), (28, 29)), ((17, 18), (26, 27)))]",3.9,4.2,0.5,8.6,14.0,False,0
27,UGAUGACAAAUGCUUAACCCAAGCACGGCA,30,27,"((0, 1), (23, 24))","((3, 4), (28, 29))","((3, 4), (28, 29))","[(((0, 1), (23, 24)), ((3, 4), (28, 29))), (((0, 1), (23, 24)), ((18, 19), (26, 27))), (((3, 4), (28, 29)), ((18, 19), (26, 27)))]",3.9,4.2,-0.1,8.0,14.5,False,0
28,UGAUGACAAAUGCUUAACCCAAGCACGGCA,30,28,"((0, 1), (23, 24))","((3, 4), (19, 20))","((3, 4), (19, 20))","[(((0, 1), (23, 24)), ((3, 4), (19, 20))), (((0, 1), (23, 24)), ((7, 8), (13, 14))), (((3, 4), (19, 20)), ((7, 8), (13, 14)))]",3.9,3.0,3.9,10.8,6.9,False,0
29,UGAUGACAAAUGCUUAACCCAAGCACGGCA,30,29,"((0, 1), (23, 24))","((3, 4), (19, 20))","((3, 4), (19, 20))","[(((0, 1), (23, 24)), ((3, 4), (19, 20))), (((0, 1), (23, 24)), ((8, 9), (13, 14))), (((3, 4), (19, 20)), ((8, 9), (13, 14)))]",3.9,3.0,4.5,11.4,7.2,False,0
30,UGAUGACAAAUGCUUAACCCAAGCACGGCA,30,30,"((0, 1), (23, 24))","((3, 4), (19, 20))","((3, 4), (19, 20))","[(((0, 1), (23, 24)), ((3, 4), (19, 20))), (((0, 1), (23, 24)), ((10, 12), (27, 29))), (((3, 4), (19, 20)), ((10, 12), (27, 29)))]",3.9,3.0,0.6,7.5,18.9,False,0
31,UGAUGACAAAUGCUUAACCCAAGCACGGCA,30,31,"((0, 1), (23, 24))","((3, 4), (19, 20))","((3, 4), (19, 20))","[(((0, 1), (23, 24)), ((3, 4), (19, 20))), (((0, 1), (23, 24)), ((17, 18), (26, 27))), (((3, 4), (19, 20)), ((17, 18), (26, 27)))]",3.9,3.0,0.5,7.4,100007.2031,False,1
32,UGAUGACAAAUGCUUAACCCAAGCACGGCA,30,32,"((0, 1), (23, 24))","((7, 8), (13, 14))","((7, 8), (13, 14))","[(((0, 1), (23, 24)), ((7, 8), (13, 14))), (((0, 1), (23, 24)), ((10, 12), (27, 29))), (((7, 8), (13, 14)), ((10, 12), (27, 29)))]",3.9,3.9,0.6,8.4,100018.7969,False,1
33,UGAUGACAAAUGCUUAACCCAAGCACGGCA,30,33,"((0, 1), (23, 24))","((7, 8), (13, 14))","((7, 8), (13, 14))","[(((0, 1), (23, 24)), ((7, 8), (13, 14))), (((0, 1), (23, 24)), ((10, 11), (19, 20))), (((7, 8), (13, 14)), ((10, 11), (19, 20)))]",3.9,3.9,2.9,10.7,100008.5,False,1
34,UGAUGACAAAUGCUUAACCCAAGCACGGCA,30,34,"((0, 1), (23, 24))","((7, 8), (13, 14))","((7, 8), (13, 14))","[(((0, 1), (23, 24)), ((7, 8), (13, 14))), (((0, 1), (23, 24)), ((17, 18), (26, 27))), (((7, 8), (13, 14)), ((17, 18), (26, 27)))]",3.9,3.9,0.5,8.3,17.2,False,0
35,UGAUGACAAAUGCUUAACCCAAGCACGGCA,30,35,"((0, 1), (23, 24))","((7, 8), (13, 14))","((7, 8), (13, 14))","[(((0, 1), (23, 24)), ((7, 8), (13, 14))), (((0, 1), (23, 24)), ((18, 19), (26, 27))), (((7, 8), (13, 14)), ((18, 19), (26, 27)))]",3.9,3.9,-0.1,7.7,17.6,False,0
36,UGAUGACAAAUGCUUAACCCAAGCACGGCA,30,36,"((0, 1), (23, 24))","((8, 9), (13, 14))","((8, 9), (13, 14))","[(((0, 1), (23, 24)), ((8, 9), (13, 14))), (((0, 1), (23, 24)), ((10, 12), (27, 29))), (((8, 9), (13, 14)), ((10, 12), (27, 29)))]",3.9,4.5,0.6,9.0,100015.3984,False,1
37,UGAUGACAAAUGCUUAACCCAAGCACGGCA,30,37,"((0, 1), (23, 24))","((8, 9), (13, 14))","((8, 9), (13, 14))","[(((0, 1), (23, 24)), ((8, 9), (13, 14))), (((0, 1), (23, 24)), ((10, 11), (19, 20))), (((8, 9), (13, 14)), ((10, 11), (19, 20)))]",3.9,4.5,2.9,11.3,100008.7031,False,1
38,UGAUGACAAAUGCUUAACCCAAGCACGGCA,30,38,"((0, 1), (23, 24))","((8, 9), (13, 14))","((8, 9), (13, 14))","[(((0, 1), (23, 24)), ((8, 9), (13, 14))), (((0, 1), (23, 24)), ((17, 18), (26, 27))), (((8, 9), (13, 14)), ((17, 18), (26, 27)))]",3.9,4.5,0.5,8.9,17.8,False,0
39,UGAUGACAAAUGCUUAACCCAAGCACGGCA,30,39,"((0, 1), (23, 24))","((8, 9), (13, 14))","((8, 9), (13, 14))","[(((0, 1), (23, 24)), ((8, 9), (13, 14))), (((0, 1), (23, 24)), ((18, 19), (26, 27))), (((8, 9), (13, 14)), ((18, 19), (26, 27)))]",3.9,4.5,-0.1,8.3,18.2,False,0
40,UGAUGACAAAUGCUUAACCCAAGCACGGCA,30,40,"((0, 1), (23, 24))","((10, 11), (19, 20))","((10, 11), (19, 20))","[(((0, 1), (23, 24)), ((10, 11), (19, 20))), (((0, 1), (23, 24)), ((17, 18), (26, 27))), (((10, 11), (19, 20)), ((17, 18), (26, 27)))]",3.9,2.9,0.5,7.3,100010.8984,False,1
41,UGAUGACAAAUGCUUAACCCAAGCACGGCA,30,41,"((0, 1), (19, 20))","((2, 3), (9, 10))","((2, 3), (9, 10))","[(((0, 1), (19, 20)), ((2, 3), (9, 10))), (((0, 1), (19, 20)), ((7, 8), (13, 14))), (((2, 3), (9, 10)), ((7, 8), (13, 14)))]",3.2,2.4,3.9,9.5,100004.5,False,1
42,UGAUGACAAAUGCUUAACCCAAGCACGGCA,30,42,"((0, 1), (19, 20))","((2, 3), (9, 10))","((2, 3), (9, 10))","[(((0, 1), (19, 20)), ((2, 3), (9, 10))), (((0, 1), (19, 20)), ((17, 18), (26, 27))), (((2, 3), (9, 10)), ((17, 18), (26, 27)))]",3.2,2.4,0.5,6.1,100010.5,False,1
43,UGAUGACAAAUGCUUAACCCAAGCACGGCA,30,43,"((0, 1), (19, 20))","((2, 3), (9, 10))","((2, 3), (9, 10))","[(((0, 1), (19, 20)), ((2, 3), (9, 10))), (((0, 1), (19, 20)), ((22, 23), (27, 28))), (((2, 3), (9, 10)), ((22, 23), (27, 28)))]",3.2,2.4,0.5,6.1,6.4,False,0
44,UGAUGACAAAUGCUUAACCCAAGCACGGCA,30,44,"((0, 1), (19, 20))","((3, 4), (28, 29))","((3, 4), (28, 29))","[(((0, 1), (19, 20)), ((3, 4), (28, 29))), (((0, 1), (19, 20)), ((7, 8), (13, 14))), (((3, 4), (28, 29)), ((7, 8), (13, 14)))]",3.2,4.2,3.9,11.3,10.4,False,0
45,UGAUGACAAAUGCUUAACCCAAGCACGGCA,30,45,"((0, 1), (19, 20))","((3, 4), (28, 29))","((3, 4), (28, 29))","[(((0, 1), (19, 20)), ((3, 4), (28, 29))), (((0, 1), (19, 20)), ((8, 9), (13, 14))), (((3, 4), (28, 29)), ((8, 9), (13, 14)))]",3.2,4.2,4.5,11.9,10.7,False,0
46,UGAUGACAAAUGCUUAACCCAAGCACGGCA,30,46,"((0, 1), (19, 20))","((3, 4), (28, 29))","((3, 4), (28, 29))","[(((0, 1), (19, 20)), ((3, 4), (28, 29))), (((0, 1), (19, 20)), ((17, 18), (26, 27))), (((3, 4), (28, 29)), ((17, 18), (26, 27)))]",3.2,4.2,0.5,7.9,100008.7969,False,1
47,UGAUGACAAAUGCUUAACCCAAGCACGGCA,30,47,"((0, 1), (19, 20))","((3, 4), (23, 24))","((3, 4), (23, 24))","[(((0, 1), (19, 20)), ((3, 4), (23, 24))), (((0, 1), (19, 20)), ((7, 8), (13, 14))), (((3, 4), (23, 24)), ((7, 8), (13, 14)))]",3.2,3.6,3.9,10.7,6.9,False,0
48,UGAUGACAAAUGCUUAACCCAAGCACGGCA,30,48,"((0, 1), (19, 20))","((3, 4), (23, 24))","((3, 4), (23, 24))","[(((0, 1), (19, 20)), ((3, 4), (23, 24))), (((0, 1), (19, 20)), ((8, 9), (13, 14))), (((3, 4), (23, 24)), ((8, 9), (13, 14)))]",3.2,3.6,4.5,11.3,7.2,False,0
49,UGAUGACAAAUGCUUAACCCAAGCACGGCA,30,49,"((0, 1), (19, 20))","((3, 4), (23, 24))","((3, 4), (23, 24))","[(((0, 1), (19, 20)), ((3, 4), (23, 24))), (((0, 1), (19, 20)), ((10, 12), (27, 29))), (((3, 4), (23, 24)), ((10, 12), (27, 29)))]",3.2,3.6,0.6,7.4,18.9,False,0
50,UGAUGACAAAUGCUUAACCCAAGCACGGCA,30,50,"((0, 1), (19, 20))","((3, 4), (23, 24))","((3, 4), (23, 24))","[(((0, 1), (19, 20)), ((3, 4), (23, 24))), (((0, 1), (19, 20)), ((17, 18), (26, 27))), (((3, 4), (23, 24)), ((17, 18), (26, 27)))]",3.2,3.6,0.5,7.3,100007.2031,False,1
51,UGAUGACAAAUGCUUAACCCAAGCACGGCA,30,51,"((0, 1), (19, 20))","((7, 8), (13, 14))","((7, 8), (13, 14))","[(((0, 1), (19, 20)), ((7, 8), (13, 14))), (((0, 1), (19, 20)), ((10, 12), (27, 29))), (((7, 8), (13, 14)), ((10, 12), (27, 29)))]",3.2,3.9,0.6,7.7,100019.2969,False,1
52,UGAUGACAAAUGCUUAACCCAAGCACGGCA,30,52,"((0, 1), (19, 20))","((7, 8), (13, 14))","((7, 8), (13, 14))","[(((0, 1), (19, 20)), ((7, 8), (13, 14))), (((0, 1), (19, 20)), ((17, 18), (26, 27))), (((7, 8), (13, 14)), ((17, 18), (26, 27)))]",3.2,3.9,0.5,7.6,100012.0,False,1
53,UGAUGACAAAUGCUUAACCCAAGCACGGCA,30,53,"((0, 1), (19, 20))","((7, 8), (13, 14))","((7, 8), (13, 14))","[(((0, 1), (19, 20)), ((7, 8), (13, 14))), (((0, 1), (19, 20)), ((22, 23), (27, 28))), (((7, 8), (13, 14)), ((22, 23), (27, 28)))]",3.2,3.9,0.5,7.6,6.0,False,0
54,UGAUGACAAAUGCUUAACCCAAGCACGGCA,30,54,"((0, 1), (19, 20))","((8, 9), (13, 14))","((8, 9), (13, 14))","[(((0, 1), (19, 20)), ((8, 9), (13, 14))), (((0, 1), (19, 20)), ((10, 12), (27, 29))), (((8, 9), (13, 14)), ((10, 12), (27, 29)))]",3.2,4.5,0.6,8.3,100015.8984,False,1
55,UGAUGACAAAUGCUUAACCCAAGCACGGCA,30,55,"((0, 1), (19, 20))","((8, 9), (13, 14))","((8, 9), (13, 14))","[(((0, 1), (19, 20)), ((8, 9), (13, 14))), (((0, 1), (19, 20)), ((17, 18), (26, 27))), (((8, 9), (13, 14)), ((17, 18), (26, 27)))]",3.2,4.5,0.5,8.2,100012.6016,False,1
56,UGAUGACAAAUGCUUAACCCAAGCACGGCA,30,56,"((0, 1), (19, 20))","((8, 9), (13, 14))","((8, 9), (13, 14))","[(((0, 1), (19, 20)), ((8, 9), (13, 14))), (((0, 1), (19, 20)), ((22, 23), (27, 28))), (((8, 9), (13, 14)), ((22, 23), (27, 28)))]",3.2,4.5,0.5,8.2,7.5,False,0
57,UGAUGACAAAUGCUUAACCCAAGCACGGCA,30,57,"((0, 1), (6, 7))","((2, 3), (9, 10))","((2, 3), (9, 10))","[(((0, 1), (6, 7)), ((2, 3), (9, 10))), (((0, 1), (6, 7)), ((17, 18), (26, 27))), (((2, 3), (9, 10)), ((17, 18), (26, 27)))]",2.1,2.4,0.5,5.0,100008.0,False,1
58,UGAUGACAAAUGCUUAACCCAAGCACGGCA,30,58,"((0, 1), (6, 7))","((2, 3), (9, 10))","((2, 3), (9, 10))","[(((0, 1), (6, 7)), ((2, 3), (9, 10))), (((0, 1), (6, 7)), ((18, 19), (26, 27))), (((2, 3), (9, 10)), ((18, 19), (26, 27)))]",2.1,2.4,-0.1,4.4,100007.3984,False,1
59,UGAUGACAAAUGCUUAACCCAAGCACGGCA,30,59,"((0, 1), (6, 7))","((2, 3), (9, 10))","((2, 3), (9, 10))","[(((0, 1), (6, 7)), ((2, 3), (9, 10))), (((0, 1), (6, 7)), ((22, 23), (27, 28))), (((2, 3), (9, 10)), ((22, 23), (27, 28)))]",2.1,2.4,0.5,5.0,100008.0,False,1
60,UGAUGACAAAUGCUUAACCCAAGCACGGCA,30,60,"((0, 1), (6, 7))","((3, 4), (28, 29))","((3, 4), (28, 29))","[(((0, 1), (6, 7)), ((3, 4), (28, 29))), (((0, 1), (6, 7)), ((8, 9), (13, 14))), (((3, 4), (28, 29)), ((8, 9), (13, 14)))]",2.1,4.2,4.5,10.8,100005.7969,False,1
61,UGAUGACAAAUGCUUAACCCAAGCACGGCA,30,61,"((0, 1), (6, 7))","((3, 4), (28, 29))","((3, 4), (28, 29))","[(((0, 1), (6, 7)), ((3, 4), (28, 29))), (((0, 1), (6, 7)), ((10, 14), (20, 24))), (((3, 4), (28, 29)), ((10, 14), (20, 24)))]",2.1,4.2,-3.2,3.1,99998.1016,False,1
62,UGAUGACAAAUGCUUAACCCAAGCACGGCA,30,62,"((0, 1), (6, 7))","((3, 4), (28, 29))","((3, 4), (28, 29))","[(((0, 1), (6, 7)), ((3, 4), (28, 29))), (((0, 1), (6, 7)), ((10, 11), (19, 20))), (((3, 4), (28, 29)), ((10, 11), (19, 20)))]",2.1,4.2,2.9,9.2,100004.2031,False,1
63,UGAUGACAAAUGCUUAACCCAAGCACGGCA,30,63,"((0, 1), (6, 7))","((3, 4), (28, 29))","((3, 4), (28, 29))","[(((0, 1), (6, 7)), ((3, 4), (28, 29))), (((0, 1), (6, 7)), ((17, 18), (26, 27))), (((3, 4), (28, 29)), ((17, 18), (26, 27)))]",2.1,4.2,0.5,6.8,100001.7969,False,1
64,UGAUGACAAAUGCUUAACCCAAGCACGGCA,30,64,"((0, 1), (6, 7))","((3, 4), (28, 29))","((3, 4), (28, 29))","[(((0, 1), (6, 7)), ((3, 4), (28, 29))), (((0, 1), (6, 7)), ((18, 19), (26, 27))), (((3, 4), (28, 29)), ((18, 19), (26, 27)))]",2.1,4.2,-0.1,6.2,100001.2031,False,1
65,UGAUGACAAAUGCUUAACCCAAGCACGGCA,30,65,"((0, 1), (6, 7))","((3, 4), (23, 24))","((3, 4), (23, 24))","[(((0, 1), (6, 7)), ((3, 4), (23, 24))), (((0, 1), (6, 7)), ((8, 9), (13, 14))), (((3, 4), (23, 24)), ((8, 9), (13, 14)))]",2.1,3.6,4.5,10.2,100005.2969,False,1
66,UGAUGACAAAUGCUUAACCCAAGCACGGCA,30,66,"((0, 1), (6, 7))","((3, 4), (23, 24))","((3, 4), (23, 24))","[(((0, 1), (6, 7)), ((3, 4), (23, 24))), (((0, 1), (6, 7)), ((10, 12), (27, 29))), (((3, 4), (23, 24)), ((10, 12), (27, 29)))]",2.1,3.6,0.6,6.3,100012.7031,False,1
67,UGAUGACAAAUGCUUAACCCAAGCACGGCA,30,67,"((0, 1), (6, 7))","((3, 4), (23, 24))","((3, 4), (23, 24))","[(((0, 1), (6, 7)), ((3, 4), (23, 24))), (((0, 1), (6, 7)), ((10, 11), (19, 20))), (((3, 4), (23, 24)), ((10, 11), (19, 20)))]",2.1,3.6,2.9,8.6,100003.7031,False,1
68,UGAUGACAAAUGCUUAACCCAAGCACGGCA,30,68,"((0, 1), (6, 7))","((3, 4), (23, 24))","((3, 4), (23, 24))","[(((0, 1), (6, 7)), ((3, 4), (23, 24))), (((0, 1), (6, 7)), ((17, 18), (26, 27))), (((3, 4), (23, 24)), ((17, 18), (26, 27)))]",2.1,3.6,0.5,6.2,100010.8984,False,1
69,UGAUGACAAAUGCUUAACCCAAGCACGGCA,30,69,"((0, 1), (6, 7))","((3, 4), (23, 24))","((3, 4), (23, 24))","[(((0, 1), (6, 7)), ((3, 4), (23, 24))), (((0, 1), (6, 7)), ((18, 19), (26, 27))), (((3, 4), (23, 24)), ((18, 19), (26, 27)))]",2.1,3.6,-0.1,5.6,100011.2969,False,1
70,UGAUGACAAAUGCUUAACCCAAGCACGGCA,30,70,"((0, 1), (6, 7))","((3, 4), (19, 20))","((3, 4), (19, 20))","[(((0, 1), (6, 7)), ((3, 4), (19, 20))), (((0, 1), (6, 7)), ((8, 9), (13, 14))), (((3, 4), (19, 20)), ((8, 9), (13, 14)))]",2.1,3.0,4.5,9.6,100004.7969,False,1
71,UGAUGACAAAUGCUUAACCCAAGCACGGCA,30,71,"((0, 1), (6, 7))","((3, 4), (19, 20))","((3, 4), (19, 20))","[(((0, 1), (6, 7)), ((3, 4), (19, 20))), (((0, 1), (6, 7)), ((10, 12), (27, 29))), (((3, 4), (19, 20)), ((10, 12), (27, 29)))]",2.1,3.0,0.6,5.7,100013.2031,False,1
72,UGAUGACAAAUGCUUAACCCAAGCACGGCA,30,72,"((0, 1), (6, 7))","((3, 4), (19, 20))","((3, 4), (19, 20))","[(((0, 1), (6, 7)), ((3, 4), (19, 20))), (((0, 1), (6, 7)), ((17, 18), (26, 27))), (((3, 4), (19, 20)), ((17, 18), (26, 27)))]",2.1,3.0,0.5,5.6,200005.7031,False,2
73,UGAUGACAAAUGCUUAACCCAAGCACGGCA,30,73,"((0, 1), (6, 7))","((3, 4), (19, 20))","((3, 4), (19, 20))","[(((0, 1), (6, 7)), ((3, 4), (19, 20))), (((0, 1), (6, 7)), ((22, 23), (27, 28))), (((3, 4), (19, 20)), ((22, 23), (27, 28)))]",2.1,3.0,0.5,5.6,100002.3984,False,1
74,UGAUGACAAAUGCUUAACCCAAGCACGGCA,30,74,"((0, 1), (6, 7))","((8, 9), (13, 14))","((8, 9), (13, 14))","[(((0, 1), (6, 7)), ((8, 9), (13, 14))), (((0, 1), (6, 7)), ((10, 12), (27, 29))), (((8, 9), (13, 14)), ((10, 12), (27, 29)))]",2.1,4.5,0.6,7.2,100012.3984,False,1
75,UGAUGACAAAUGCUUAACCCAAGCACGGCA,30,75,"((0, 1), (6, 7))","((8, 9), (13, 14))","((8, 9), (13, 14))","[(((0, 1), (6, 7)), ((8, 9), (13, 14))), (((0, 1), (6, 7)), ((10, 11), (19, 20))), (((8, 9), (13, 14)), ((10, 11), (19, 20)))]",2.1,4.5,2.9,9.5,100008.5,False,1
76,UGAUGACAAAUGCUUAACCCAAGCACGGCA,30,76,"((0, 1), (6, 7))","((8, 9), (13, 14))","((8, 9), (13, 14))","[(((0, 1), (6, 7)), ((8, 9), (13, 14))), (((0, 1), (6, 7)), ((17, 18), (26, 27))), (((8, 9), (13, 14)), ((17, 18), (26, 27)))]",2.1,4.5,0.5,7.1,7.1,True,0
77,UGAUGACAAAUGCUUAACCCAAGCACGGCA,30,77,"((0, 1), (6, 7))","((8, 9), (13, 14))","((8, 9), (13, 14))","[(((0, 1), (6, 7)), ((8, 9), (13, 14))), (((0, 1), (6, 7)), ((18, 19), (26, 27))), (((8, 9), (13, 14)), ((18, 19), (26, 27)))]",2.1,4.5,-0.1,6.5,6.5,True,0
78,UGAUGACAAAUGCUUAACCCAAGCACGGCA,30,78,"((0, 1), (6, 7))","((8, 9), (13, 14))","((8, 9), (13, 14))","[(((0, 1), (6, 7)), ((8, 9), (13, 14))), (((0, 1), (6, 7)), ((22, 23), (27, 28))), (((8, 9), (13, 14)), ((22, 23), (27, 28)))]",2.1,4.5,0.5,7.1,7.1,True,0
79,UGAUGACAAAUGCUUAACCCAAGCACGGCA,30,79,"((0, 1), (6, 7))","((10, 14), (20, 24))","((10, 14), (20, 24))","[(((0, 1), (6, 7)), ((10, 14), (20, 24))), (((0, 1), (6, 7)), ((17, 18), (26, 27))), (((10, 14), (20, 24)), ((17, 18), (26, 27)))]",2.1,-3.2,0.5,-0.6,100015.1016,False,1
80,UGAUGACAAAUGCUUAACCCAAGCACGGCA,30,80,"((0, 1), (6, 7))","((10, 14), (20, 24))","((10, 14), (20, 24))","[(((0, 1), (6, 7)), ((10, 14), (20, 24))), (((0, 1), (6, 7)), ((18, 19), (26, 27))), (((10, 14), (20, 24)), ((18, 19), (26, 27)))]",2.1,-3.2,-0.1,-1.2,100015.5,False,1
81,UGAUGACAAAUGCUUAACCCAAGCACGGCA,30,81,"((0, 1), (6, 7))","((10, 11), (19, 20))","((10, 11), (19, 20))","[(((0, 1), (6, 7)), ((10, 11), (19, 20))), (((0, 1), (6, 7)), ((17, 18), (26, 27))), (((10, 11), (19, 20)), ((17, 18), (26, 27)))]",2.1,2.9,0.5,5.5,100007.5,False,1
82,UGAUGACAAAUGCUUAACCCAAGCACGGCA,30,82,"((0, 1), (6, 7))","((10, 11), (19, 20))","((10, 11), (19, 20))","[(((0, 1), (6, 7)), ((10, 11), (19, 20))), (((0, 1), (6, 7)), ((22, 23), (27, 28))), (((10, 11), (19, 20)), ((22, 23), (27, 28)))]",2.1,2.9,0.5,5.5,5.5,True,0
83,UGAUGACAAAUGCUUAACCCAAGCACGGCA,30,83,"((2, 3), (9, 10))","((7, 8), (13, 14))","((7, 8), (13, 14))","[(((2, 3), (9, 10)), ((7, 8), (13, 14))), (((2, 3), (9, 10)), ((17, 18), (26, 27))), (((7, 8), (13, 14)), ((17, 18), (26, 27)))]",2.4,3.9,0.5,6.8,100002.7031,False,1
84,UGAUGACAAAUGCUUAACCCAAGCACGGCA,30,84,"((2, 3), (9, 10))","((7, 8), (13, 14))","((7, 8), (13, 14))","[(((2, 3), (9, 10)), ((7, 8), (13, 14))), (((2, 3), (9, 10)), ((18, 19), (26, 27))), (((7, 8), (13, 14)), ((18, 19), (26, 27)))]",2.4,3.9,-0.1,6.2,100002.1016,False,1
85,UGAUGACAAAUGCUUAACCCAAGCACGGCA,30,85,"((2, 3), (9, 10))","((7, 8), (13, 14))","((7, 8), (13, 14))","[(((2, 3), (9, 10)), ((7, 8), (13, 14))), (((2, 3), (9, 10)), ((22, 23), (27, 28))), (((7, 8), (13, 14)), ((22, 23), (27, 28)))]",2.4,3.9,0.5,6.8,100002.7031,False,1
86,UGAUGACAAAUGCUUAACCCAAGCACGGCA,30,86,"((3, 4), (28, 29))","((7, 8), (13, 14))","((7, 8), (13, 14))","[(((3, 4), (28, 29)), ((7, 8), (13, 14))), (((3, 4), (28, 29)), ((10, 11), (19, 20))), (((7, 8), (13, 14)), ((10, 11), (19, 20)))]",4.2,3.9,2.9,11.0,100010.2031,False,1
87,UGAUGACAAAUGCUUAACCCAAGCACGGCA,30,87,"((3, 4), (28, 29))","((7, 8), (13, 14))","((7, 8), (13, 14))","[(((3, 4), (28, 29)), ((7, 8), (13, 14))), (((3, 4), (28, 29)), ((17, 18), (26, 27))), (((7, 8), (13, 14)), ((17, 18), (26, 27)))]",4.2,3.9,0.5,8.6,7.8,False,0
88,UGAUGACAAAUGCUUAACCCAAGCACGGCA,30,88,"((3, 4), (28, 29))","((7, 8), (13, 14))","((7, 8), (13, 14))","[(((3, 4), (28, 29)), ((7, 8), (13, 14))), (((3, 4), (28, 29)), ((18, 19), (26, 27))), (((7, 8), (13, 14)), ((18, 19), (26, 27)))]",4.2,3.9,-0.1,8.0,7.2,False,0
89,UGAUGACAAAUGCUUAACCCAAGCACGGCA,30,89,"((3, 4), (28, 29))","((8, 9), (13, 14))","((8, 9), (13, 14))","[(((3, 4), (28, 29)), ((8, 9), (13, 14))), (((3, 4), (28, 29)), ((10, 11), (19, 20))), (((8, 9), (13, 14)), ((10, 11), (19, 20)))]",4.2,4.5,2.9,11.6,100009.1016,False,1
90,UGAUGACAAAUGCUUAACCCAAGCACGGCA,30,90,"((3, 4), (28, 29))","((8, 9), (13, 14))","((8, 9), (13, 14))","[(((3, 4), (28, 29)), ((8, 9), (13, 14))), (((3, 4), (28, 29)), ((17, 18), (26, 27))), (((8, 9), (13, 14)), ((17, 18), (26, 27)))]",4.2,4.5,0.5,9.2,8.4,False,0
91,UGAUGACAAAUGCUUAACCCAAGCACGGCA,30,91,"((3, 4), (28, 29))","((8, 9), (13, 14))","((8, 9), (13, 14))","[(((3, 4), (28, 29)), ((8, 9), (13, 14))), (((3, 4), (28, 29)), ((18, 19), (26, 27))), (((8, 9), (13, 14)), ((18, 19), (26, 27)))]",4.2,4.5,-0.1,8.6,7.8,False,0
92,UGAUGACAAAUGCUUAACCCAAGCACGGCA,30,92,"((3, 4), (28, 29))","((10, 14), (20, 24))","((10, 14), (20, 24))","[(((3, 4), (28, 29)), ((10, 14), (20, 24))), (((3, 4), (28, 29)), ((17, 18), (26, 27))), (((10, 14), (20, 24)), ((17, 18), (26, 27)))]",4.2,-3.2,0.5,1.5,100015.7031,False,1
93,UGAUGACAAAUGCUUAACCCAAGCACGGCA,30,93,"((3, 4), (28, 29))","((10, 14), (20, 24))","((10, 14), (20, 24))","[(((3, 4), (28, 29)), ((10, 14), (20, 24))), (((3, 4), (28, 29)), ((18, 19), (26, 27))), (((10, 14), (20, 24)), ((18, 19), (26, 27)))]",4.2,-3.2,-0.1,0.9,100016.1016,False,1
94,UGAUGACAAAUGCUUAACCCAAGCACGGCA,30,94,"((3, 4), (28, 29))","((10, 11), (19, 20))","((10, 11), (19, 20))","[(((3, 4), (28, 29)), ((10, 11), (19, 20))), (((3, 4), (28, 29)), ((17, 18), (26, 27))), (((10, 11), (19, 20)), ((17, 18), (26, 27)))]",4.2,2.9,0.5,7.6,100008.1016,False,1
95,UGAUGACAAAUGCUUAACCCAAGCACGGCA,30,95,"((3, 4), (23, 24))","((7, 8), (13, 14))","((7, 8), (13, 14))","[(((3, 4), (23, 24)), ((7, 8), (13, 14))), (((3, 4), (23, 24)), ((10, 12), (27, 29))), (((7, 8), (13, 14)), ((10, 12), (27, 29)))]",3.6,3.9,0.6,8.1,100017.2969,False,1
96,UGAUGACAAAUGCUUAACCCAAGCACGGCA,30,96,"((3, 4), (23, 24))","((7, 8), (13, 14))","((7, 8), (13, 14))","[(((3, 4), (23, 24)), ((7, 8), (13, 14))), (((3, 4), (23, 24)), ((10, 11), (19, 20))), (((7, 8), (13, 14)), ((10, 11), (19, 20)))]",3.6,3.9,2.9,10.4,100005.6016,False,1
97,UGAUGACAAAUGCUUAACCCAAGCACGGCA,30,97,"((3, 4), (23, 24))","((7, 8), (13, 14))","((7, 8), (13, 14))","[(((3, 4), (23, 24)), ((7, 8), (13, 14))), (((3, 4), (23, 24)), ((17, 18), (26, 27))), (((7, 8), (13, 14)), ((17, 18), (26, 27)))]",3.6,3.9,0.5,8.0,17.1,False,0
98,UGAUGACAAAUGCUUAACCCAAGCACGGCA,30,98,"((3, 4), (23, 24))","((7, 8), (13, 14))","((7, 8), (13, 14))","[(((3, 4), (23, 24)), ((7, 8), (13, 14))), (((3, 4), (23, 24)), ((18, 19), (26, 27))), (((7, 8), (13, 14)), ((18, 19), (26, 27)))]",3.6,3.9,-0.1,7.4,17.5,False,0
99,UGAUGACAAAUGCUUAACCCAAGCACGGCA,30,99,"((3, 4), (23, 24))","((8, 9), (13, 14))","((8, 9), (13, 14))","[(((3, 4), (23, 24)), ((8, 9), (13, 14))), (((3, 4), (23, 24)), ((10, 12), (27, 29))), (((8, 9), (13, 14)), ((10, 12), (27, 29)))]",3.6,4.5,0.6,8.7,100013.8984,False,1
100,UGAUGACAAAUGCUUAACCCAAGCACGGCA,30,100,"((3, 4), (23, 24))","((8, 9), (13, 14))","((8, 9), (13, 14))","[(((3, 4), (23, 24)), ((8, 9), (13, 14))), (((3, 4), (23, 24)), ((10, 11), (19, 20))), (((8, 9), (13, 14)), ((10, 11), (19, 20)))]",3.6,4.5,2.9,11.0,100007.2969,False,1
101,UGAUGACAAAUGCUUAACCCAAGCACGGCA,30,101,"((3, 4), (23, 24))","((8, 9), (13, 14))","((8, 9), (13, 14))","[(((3, 4), (23, 24)), ((8, 9), (13, 14))), (((3, 4), (23, 24)), ((17, 18), (26, 27))), (((8, 9), (13, 14)), ((17, 18), (26, 27)))]",3.6,4.5,0.5,8.6,17.7,False,0
102,UGAUGACAAAUGCUUAACCCAAGCACGGCA,30,102,"((3, 4), (23, 24))","((8, 9), (13, 14))","((8, 9), (13, 14))","[(((3, 4), (23, 24)), ((8, 9), (13, 14))), (((3, 4), (23, 24)), ((18, 19), (26, 27))), (((8, 9), (13, 14)), ((18, 19), (26, 27)))]",3.6,4.5,-0.1,8.0,18.1,False,0
103,UGAUGACAAAUGCUUAACCCAAGCACGGCA,30,103,"((3, 4), (23, 24))","((10, 11), (19, 20))","((10, 11), (19, 20))","[(((3, 4), (23, 24)), ((10, 11), (19, 20))), (((3, 4), (23, 24)), ((17, 18), (26, 27))), (((10, 11), (19, 20)), ((17, 18), (26, 27)))]",3.6,2.9,0.5,7.0,100009.7969,False,1
104,UGAUGACAAAUGCUUAACCCAAGCACGGCA,30,104,"((3, 4), (19, 20))","((7, 8), (13, 14))","((7, 8), (13, 14))","[(((3, 4), (19, 20)), ((7, 8), (13, 14))), (((3, 4), (19, 20)), ((10, 12), (27, 29))), (((7, 8), (13, 14)), ((10, 12), (27, 29)))]",3.0,3.9,0.6,7.5,100017.7969,False,1
105,UGAUGACAAAUGCUUAACCCAAGCACGGCA,30,105,"((3, 4), (19, 20))","((7, 8), (13, 14))","((7, 8), (13, 14))","[(((3, 4), (19, 20)), ((7, 8), (13, 14))), (((3, 4), (19, 20)), ((17, 18), (26, 27))), (((7, 8), (13, 14)), ((17, 18), (26, 27)))]",3.0,3.9,0.5,7.4,100011.8984,False,1
106,UGAUGACAAAUGCUUAACCCAAGCACGGCA,30,106,"((3, 4), (19, 20))","((7, 8), (13, 14))","((7, 8), (13, 14))","[(((3, 4), (19, 20)), ((7, 8), (13, 14))), (((3, 4), (19, 20)), ((22, 23), (27, 28))), (((7, 8), (13, 14)), ((22, 23), (27, 28)))]",3.0,3.9,0.5,7.4,6.2,False,0
107,UGAUGACAAAUGCUUAACCCAAGCACGGCA,30,107,"((3, 4), (19, 20))","((8, 9), (13, 14))","((8, 9), (13, 14))","[(((3, 4), (19, 20)), ((8, 9), (13, 14))), (((3, 4), (19, 20)), ((10, 12), (27, 29))), (((8, 9), (13, 14)), ((10, 12), (27, 29)))]",3.0,4.5,0.6,8.1,100014.3984,False,1
108,UGAUGACAAAUGCUUAACCCAAGCACGGCA,30,108,"((3, 4), (19, 20))","((8, 9), (13, 14))","((8, 9), (13, 14))","[(((3, 4), (19, 20)), ((8, 9), (13, 14))), (((3, 4), (19, 20)), ((17, 18), (26, 27))), (((8, 9), (13, 14)), ((17, 18), (26, 27)))]",3.0,4.5,0.5,8.0,100012.5,False,1
109,UGAUGACAAAUGCUUAACCCAAGCACGGCA,30,109,"((3, 4), (19, 20))","((8, 9), (13, 14))","((8, 9), (13, 14))","[(((3, 4), (19, 20)), ((8, 9), (13, 14))), (((3, 4), (19, 20)), ((22, 23), (27, 28))), (((8, 9), (13, 14)), ((22, 23), (27, 28)))]",3.0,4.5,0.5,8.0,6.5,False,0
110,UGAUGACAAAUGCUUAACCCAAGCACGGCA,30,110,"((7, 8), (13, 14))","((10, 11), (19, 20))","((10, 11), (19, 20))","[(((7, 8), (13, 14)), ((10, 11), (19, 20))), (((7, 8), (13, 14)), ((17, 18), (26, 27))), (((10, 11), (19, 20)), ((17, 18), (26, 27)))]",3.9,2.9,0.5,7.3,200009.5,False,2
111,UGAUGACAAAUGCUUAACCCAAGCACGGCA,30,111,"((7, 8), (13, 14))","((10, 11), (19, 20))","((10, 11), (19, 20))","[(((7, 8), (13, 14)), ((10, 11), (19, 20))), (((7, 8), (13, 14)), ((22, 23), (27, 28))), (((10, 11), (19, 20)), ((22, 23), (27, 28)))]",3.9,2.9,0.5,7.3,100007.0,False,1
112,UGAUGACAAAUGCUUAACCCAAGCACGGCA,30,112,"((8, 9), (13, 14))","((10, 11), (19, 20))","((10, 11), (19, 20))","[(((8, 9), (13, 14)), ((10, 11), (19, 20))), (((8, 9), (13, 14)), ((17, 18), (26, 27))), (((10, 11), (19, 20)), ((17, 18), (26, 27)))]",4.5,2.9,0.5,7.9,200009.7031,False,2
113,UGAUGACAAAUGCUUAACCCAAGCACGGCA,30,113,"((8, 9), (13, 14))","((10, 11), (19, 20))","((10, 11), (19, 20))","[(((8, 9), (13, 14)), ((10, 11), (19, 20))), (((8, 9), (13, 14)), ((22, 23), (27, 28))), (((10, 11), (19, 20)), ((22, 23), (27, 28)))]",4.5,2.9,0.5,7.9,100006.8984,False,1
