,seq,seq_len,ir_quadruplet_index,ir_a,ir_b,ir_c,ir_d,ir_pairs,ir_a_fe,ir_b_fe,ir_c_fe,ir_d_fe,ir_quadruplet_fe_sum,ir_quadruplet_fe_union,fe_additivity_assumption_held,num_invalid_loop_forming_pairs_in_quadruplet
0,UGAUGACAAAUGCUUAACCCAAGCACGGCA,30,0,"((0, 1), (28, 29))","((2, 3), (9, 10))","((7, 8), (13, 14))","((17, 18), (26, 27))","[(((0, 1), (28, 29)), ((2, 3), (9, 10))), (((0, 1), (28, 29)), ((7, 8), (13, 14))), (((0, 1), (28, 29)), ((17, 18), (26, 27))), (((2, 3), (9, 10)), ((7, 8), (13, 14))), (((2, 3), (9, 10)), ((17, 18), (26, 27))), (((7, 8), (13, 14)), ((17, 18), (26, 27)))]",4.6,2.4,3.9,0.5,10.9,100006.3984,False,1
1,UGAUGACAAAUGCUUAACCCAAGCACGGCA,30,1,"((0, 1), (28, 29))","((2, 3), (9, 10))","((7, 8), (13, 14))","((18, 19), (26, 27))","[(((0, 1), (28, 29)), ((2, 3), (9, 10))), (((0, 1), (28, 29)), ((7, 8), (13, 14))), (((0, 1), (28, 29)), ((18, 19), (26, 27))), (((2, 3), (9, 10)), ((7, 8), (13, 14))), (((2, 3), (9, 10)), ((18, 19), (26, 27))), (((7, 8), (13, 14)), ((18, 19), (26, 27)))]",4.6,2.4,3.9,-0.1,10.9,100005.7969,False,1
2,UGAUGACAAAUGCUUAACCCAAGCACGGCA,30,2,"((0, 1), (28, 29))","((3, 4), (23, 24))","((7, 8), (13, 14))","((10, 11), (19, 20))","[(((0, 1), (28, 29)), ((3, 4), (23, 24))), (((0, 1), (28, 29)), ((7, 8), (13, 14))), (((0, 1), (28, 29)), ((10, 11), (19, 20))), (((3, 4), (23, 24)), ((7, 8), (13, 14))), (((3, 4), (23, 24)), ((10, 11), (19, 20))), (((7, 8), (13, 14)), ((10, 11), (19, 20)))]",4.6,3.6,3.9,2.9,12.1,100007.1016,False,1
3,UGAUGACAAAUGCUUAACCCAAGCACGGCA,30,3,"((0, 1), (28, 29))","((3, 4), (23, 24))","((7, 8), (13, 14))","((17, 18), (26, 27))","[(((0, 1), (28, 29)), ((3, 4), (23, 24))), (((0, 1), (28, 29)), ((7, 8), (13, 14))), (((0, 1), (28, 29)), ((17, 18), (26, 27))), (((3, 4), (23, 24)), ((7, 8), (13, 14))), (((3, 4), (23, 24)), ((17, 18), (26, 27))), (((7, 8), (13, 14)), ((17, 18), (26, 27)))]",4.6,3.6,3.9,0.5,12.1,16.9,False,0
4,UGAUGACAAAUGCUUAACCCAAGCACGGCA,30,4,"((0, 1), (28, 29))","((3, 4), (23, 24))","((7, 8), (13, 14))","((18, 19), (26, 27))","[(((0, 1), (28, 29)), ((3, 4), (23, 24))), (((0, 1), (28, 29)), ((7, 8), (13, 14))), (((0, 1), (28, 29)), ((18, 19), (26, 27))), (((3, 4), (23, 24)), ((7, 8), (13, 14))), (((3, 4), (23, 24)), ((18, 19), (26, 27))), (((7, 8), (13, 14)), ((18, 19), (26, 27)))]",4.6,3.6,3.9,-0.1,12.1,17.3,False,0
5,UGAUGACAAAUGCUUAACCCAAGCACGGCA,30,5,"((0, 1), (28, 29))","((3, 4), (23, 24))","((8, 9), (13, 14))","((10, 11), (19, 20))","[(((0, 1), (28, 29)), ((3, 4), (23, 24))), (((0, 1), (28, 29)), ((8, 9), (13, 14))), (((0, 1), (28, 29)), ((10, 11), (19, 20))), (((3, 4), (23, 24)), ((8, 9), (13, 14))), (((3, 4), (23, 24)), ((10, 11), (19, 20))), (((8, 9), (13, 14)), ((10, 11), (19, 20)))]",4.6,3.6,4.5,2.9,12.7,100008.7969,False,1
6,UGAUGACAAAUGCUUAACCCAAGCACGGCA,30,6,"((0, 1), (28, 29))","((3, 4), (23, 24))","((8, 9), (13, 14))","((17, 18), (26, 27))","[(((0, 1), (28, 29)), ((3, 4), (23, 24))), (((0, 1), (28, 29)), ((8, 9), (13, 14))), (((0, 1), (28, 29)), ((17, 18), (26, 27))), (((3, 4), (23, 24)), ((8, 9), (13, 14))), (((3, 4), (23, 24)), ((17, 18), (26, 27))), (((8, 9), (13, 14)), ((17, 18), (26, 27)))]",4.6,3.6,4.5,0.5,12.7,17.5,False,0
7,UGAUGACAAAUGCUUAACCCAAGCACGGCA,30,7,"((0, 1), (28, 29))","((3, 4), (23, 24))","((8, 9), (13, 14))","((18, 19), (26, 27))","[(((0, 1), (28, 29)), ((3, 4), (23, 24))), (((0, 1), (28, 29)), ((8, 9), (13, 14))), (((0, 1), (28, 29)), ((18, 19), (26, 27))), (((3, 4), (23, 24)), ((8, 9), (13, 14))), (((3, 4), (23, 24)), ((18, 19), (26, 27))), (((8, 9), (13, 14)), ((18, 19), (26, 27)))]",4.6,3.6,4.5,-0.1,12.7,17.9,False,0
8,UGAUGACAAAUGCUUAACCCAAGCACGGCA,30,8,"((0, 1), (28, 29))","((3, 4), (23, 24))","((10, 11), (19, 20))","((17, 18), (26, 27))","[(((0, 1), (28, 29)), ((3, 4), (23, 24))), (((0, 1), (28, 29)), ((10, 11), (19, 20))), (((0, 1), (28, 29)), ((17, 18), (26, 27))), (((3, 4), (23, 24)), ((10, 11), (19, 20))), (((3, 4), (23, 24)), ((17, 18), (26, 27))), (((10, 11), (19, 20)), ((17, 18), (26, 27)))]",4.6,3.6,2.9,0.5,11.1,100009.6016,False,1
9,UGAUGACAAAUGCUUAACCCAAGCACGGCA,30,9,"((0, 1), (28, 29))","((3, 4), (19, 20))","((7, 8), (13, 14))","((17, 18), (26, 27))","[(((0, 1), (28, 29)), ((3, 4), (19, 20))), (((0, 1), (28, 29)), ((7, 8), (13, 14))), (((0, 1), (28, 29)), ((17, 18), (26, 27))), (((3, 4), (19, 20)), ((7, 8), (13, 14))), (((3, 4), (19, 20)), ((17, 18), (26, 27))), (((7, 8), (13, 14)), ((17, 18), (26, 27)))]",4.6,3.0,3.9,0.5,11.5,100011.7031,False,1
10,UGAUGACAAAUGCUUAACCCAAGCACGGCA,30,10,"((0, 1), (28, 29))","((3, 4), (19, 20))","((8, 9), (13, 14))","((17, 18), (26, 27))","[(((0, 1), (28, 29)), ((3, 4), (19, 20))), (((0, 1), (28, 29)), ((8, 9), (13, 14))), (((0, 1), (28, 29)), ((17, 18), (26, 27))), (((3, 4), (19, 20)), ((8, 9), (13, 14))), (((3, 4), (19, 20)), ((17, 18), (26, 27))), (((8, 9), (13, 14)), ((17, 18), (26, 27)))]",4.6,3.0,4.5,0.5,12.1,100012.2969,False,1
11,UGAUGACAAAUGCUUAACCCAAGCACGGCA,30,11,"((0, 1), (28, 29))","((7, 8), (13, 14))","((10, 11), (19, 20))","((17, 18), (26, 27))","[(((0, 1), (28, 29)), ((7, 8), (13, 14))), (((0, 1), (28, 29)), ((10, 11), (19, 20))), (((0, 1), (28, 29)), ((17, 18), (26, 27))), (((7, 8), (13, 14)), ((10, 11), (19, 20))), (((7, 8), (13, 14)), ((17, 18), (26, 27))), (((10, 11), (19, 20)), ((17, 18), (26, 27)))]",4.6,3.9,2.9,0.5,11.4,200012.5,False,2
12,UGAUGACAAAUGCUUAACCCAAGCACGGCA,30,12,"((0, 1), (28, 29))","((8, 9), (13, 14))","((10, 11), (19, 20))","((17, 18), (26, 27))","[(((0, 1), (28, 29)), ((8, 9), (13, 14))), (((0, 1), (28, 29)), ((10, 11), (19, 20))), (((0, 1), (28, 29)), ((17, 18), (26, 27))), (((8, 9), (13, 14)), ((10, 11), (19, 20))), (((8, 9), (13, 14)), ((17, 18), (26, 27))), (((10, 11), (19, 20)), ((17, 18), (26, 27)))]",4.6,4.5,2.9,0.5,12.0,200013.0938,False,2
13,UGAUGACAAAUGCUUAACCCAAGCACGGCA,30,13,"((0, 1), (23, 24))","((2, 3), (9, 10))","((7, 8), (13, 14))","((17, 18), (26, 27))","[(((0, 1), (23, 24)), ((2, 3), (9, 10))), (((0, 1), (23, 24)), ((7, 8), (13, 14))), (((0, 1), (23, 24)), ((17, 18), (26, 27))), (((2, 3), (9, 10)), ((7, 8), (13, 14))), (((2, 3), (9, 10)), ((17, 18), (26, 27))), (((7, 8), (13, 14)), ((17, 18), (26, 27)))]",3.9,2.4,3.9,0.5,10.2,100015.5,False,1
14,UGAUGACAAAUGCUUAACCCAAGCACGGCA,30,14,"((0, 1), (23, 24))","((2, 3), (9, 10))","((7, 8), (13, 14))","((18, 19), (26, 27))","[(((0, 1), (23, 24)), ((2, 3), (9, 10))), (((0, 1), (23, 24)), ((7, 8), (13, 14))), (((0, 1), (23, 24)), ((18, 19), (26, 27))), (((2, 3), (9, 10)), ((7, 8), (13, 14))), (((2, 3), (9, 10)), ((18, 19), (26, 27))), (((7, 8), (13, 14)), ((18, 19), (26, 27)))]",3.9,2.4,3.9,-0.1,10.2,100015.8984,False,1
15,UGAUGACAAAUGCUUAACCCAAGCACGGCA,30,15,"((0, 1), (23, 24))","((3, 4), (28, 29))","((7, 8), (13, 14))","((10, 11), (19, 20))","[(((0, 1), (23, 24)), ((3, 4), (28, 29))), (((0, 1), (23, 24)), ((7, 8), (13, 14))), (((0, 1), (23, 24)), ((10, 11), (19, 20))), (((3, 4), (28, 29)), ((7, 8), (13, 14))), (((3, 4), (28, 29)), ((10, 11), (19, 20))), (((7, 8), (13, 14)), ((10, 11), (19, 20)))]",3.9,4.2,3.9,2.9,12.0,100007.1016,False,1
16,UGAUGACAAAUGCUUAACCCAAGCACGGCA,30,16,"((0, 1), (23, 24))","((3, 4), (28, 29))","((7, 8), (13, 14))","((17, 18), (26, 27))","[(((0, 1), (23, 24)), ((3, 4), (28, 29))), (((0, 1), (23, 24)), ((7, 8), (13, 14))), (((0, 1), (23, 24)), ((17, 18), (26, 27))), (((3, 4), (28, 29)), ((7, 8), (13, 14))), (((3, 4), (28, 29)), ((17, 18), (26, 27))), (((7, 8), (13, 14)), ((17, 18), (26, 27)))]",3.9,4.2,3.9,0.5,12.0,16.9,False,0
17,UGAUGACAAAUGCUUAACCCAAGCACGGCA,30,17,"((0, 1), (23, 24))","((3, 4), (28, 29))","((7, 8), (13, 14))","((18, 19), (26, 27))","[(((0, 1), (23, 24)), ((3, 4), (28, 29))), (((0, 1), (23, 24)), ((7, 8), (13, 14))), (((0, 1), (23, 24)), ((18, 19), (26, 27))), (((3, 4), (28, 29)), ((7, 8), (13, 14))), (((3, 4), (28, 29)), ((18, 19), (26, 27))), (((7, 8), (13, 14)), ((18, 19), (26, 27)))]",3.9,4.2,3.9,-0.1,12.0,17.3,False,0
18,UGAUGACAAAUGCUUAACCCAAGCACGGCA,30,18,"((0, 1), (23, 24))","((3, 4), (28, 29))","((8, 9), (13, 14))","((10, 11), (19, 20))","[(((0, 1), (23, 24)), ((3, 4), (28, 29))), (((0, 1), (23, 24)), ((8, 9), (13, 14))), (((0, 1), (23, 24)), ((10, 11), (19, 20))), (((3, 4), (28, 29)), ((8, 9), (13, 14))), (((3, 4), (28, 29)), ((10, 11), (19, 20))), (((8, 9), (13, 14)), ((10, 11), (19, 20)))]",3.9,4.2,4.5,2.9,12.6,100008.7969,False,1
19,UGAUGACAAAUGCUUAACCCAAGCACGGCA,30,19,"((0, 1), (23, 24))","((3, 4), (28, 29))","((8, 9), (13, 14))","((17, 18), (26, 27))","[(((0, 1), (23, 24)), ((3, 4), (28, 29))), (((0, 1), (23, 24)), ((8, 9), (13, 14))), (((0, 1), (23, 24)), ((17, 18), (26, 27))), (((3, 4), (28, 29)), ((8, 9), (13, 14))), (((3, 4), (28, 29)), ((17, 18), (26, 27))), (((8, 9), (13, 14)), ((17, 18), (26, 27)))]",3.9,4.2,4.5,0.5,12.6,17.5,False,0
20,UGAUGACAAAUGCUUAACCCAAGCACGGCA,30,20,"((0, 1), (23, 24))","((3, 4), (28, 29))","((8, 9), (13, 14))","((18, 19), (26, 27))","[(((0, 1), (23, 24)), ((3, 4), (28, 29))), (((0, 1), (23, 24)), ((8, 9), (13, 14))), (((0, 1), (23, 24)), ((18, 19), (26, 27))), (((3, 4), (28, 29)), ((8, 9), (13, 14))), (((3, 4), (28, 29)), ((18, 19), (26, 27))), (((8, 9), (13, 14)), ((18, 19), (26, 27)))]",3.9,4.2,4.5,-0.1,12.6,17.9,False,0
21,UGAUGACAAAUGCUUAACCCAAGCACGGCA,30,21,"((0, 1), (23, 24))","((3, 4), (28, 29))","((10, 11), (19, 20))","((17, 18), (26, 27))","[(((0, 1), (23, 24)), ((3, 4), (28, 29))), (((0, 1), (23, 24)), ((10, 11), (19, 20))), (((0, 1), (23, 24)), ((17, 18), (26, 27))), (((3, 4), (28, 29)), ((10, 11), (19, 20))), (((3, 4), (28, 29)), ((17, 18), (26, 27))), (((10, 11), (19, 20)), ((17, 18), (26, 27)))]",3.9,4.2,2.9,0.5,11.0,100009.6016,False,1
22,UGAUGACAAAUGCUUAACCCAAGCACGGCA,30,22,"((0, 1), (23, 24))","((3, 4), (19, 20))","((7, 8), (13, 14))","((10, 12), (27, 29))","[(((0, 1), (23, 24)), ((3, 4), (19, 20))), (((0, 1), (23, 24)), ((7, 8), (13, 14))), (((0, 1), (23, 24)), ((10, 12), (27, 29))), (((3, 4), (19, 20)), ((7, 8), (13, 14))), (((3, 4), (19, 20)), ((10, 12), (27, 29))), (((7, 8), (13, 14)), ((10, 12), (27, 29)))]",3.9,3.0,3.9,0.6,10.8,100022.1016,False,1
23,UGAUGACAAAUGCUUAACCCAAGCACGGCA,30,23,"((0, 1), (23, 24))","((3, 4), (19, 20))","((7, 8), (13, 14))","((17, 18), (26, 27))","[(((0, 1), (23, 24)), ((3, 4), (19, 20))), (((0, 1), (23, 24)), ((7, 8), (13, 14))), (((0, 1), (23, 24)), ((17, 18), (26, 27))), (((3, 4), (19, 20)), ((7, 8), (13, 14))), (((3, 4), (19, 20)), ((17, 18), (26, 27))), (((7, 8), (13, 14)), ((17, 18), (26, 27)))]",3.9,3.0,3.9,0.5,10.8,100010.7969,False,1
24,UGAUGACAAAUGCUUAACCCAAGCACGGCA,30,24,"((0, 1), (23, 24))","((3, 4), (19, 20))","((8, 9), (13, 14))","((10, 12), (27, 29))","[(((0, 1), (23, 24)), ((3, 4), (19, 20))), (((0, 1), (23, 24)), ((8, 9), (13, 14))), (((0, 1), (23, 24)), ((10, 12), (27, 29))), (((3, 4), (19, 20)), ((8, 9), (13, 14))), (((3, 4), (19, 20)), ((10, 12), (27, 29))), (((8, 9), (13, 14)), ((10, 12), (27, 29)))]",3.9,3.0,4.5,0.6,11.4,100018.7031,False,1
25,UGAUGACAAAUGCUUAACCCAAGCACGGCA,30,25,"((0, 1), (23, 24))","((3, 4), (19, 20))","((8, 9), (13, 14))","((17, 18), (26, 27))","[(((0, 1), (23, 24)), ((3, 4), (19, 20))), (((0, 1), (23, 24)), ((8, 9), (13, 14))), (((0, 1), (23, 24)), ((17, 18), (26, 27))), (((3, 4), (19, 20)), ((8, 9), (13, 14))), (((3, 4), (19, 20)), ((17, 18), (26, 27))), (((8, 9), (13, 14)), ((17, 18), (26, 27)))]",3.9,3.0,4.5,0.5,11.4,100011.3984,False,1
26,UGAUGACAAAUGCUUAACCCAAGCACGGCA,30,26,"((0, 1), (23, 24))","((7, 8), (13, 14))","((10, 11), (19, 20))","((17, 18), (26, 27))","[(((0, 1), (23, 24)), ((7, 8), (13, 14))), (((0, 1), (23, 24)), ((10, 11), (19, 20))), (((0, 1), (23, 24)), ((17, 18), (26, 27))), (((7, 8), (13, 14)), ((10, 11), (19, 20))), (((7, 8), (13, 14)), ((17, 18), (26, 27))), (((10, 11), (19, 20)), ((17, 18), (26, 27)))]",3.9,3.9,2.9,0.5,10.7,200015.7031,False,2
27,UGAUGACAAAUGCUUAACCCAAGCACGGCA,30,27,"((0, 1), (23, 24))","((8, 9), (13, 14))","((10, 11), (19, 20))","((17, 18), (26, 27))","[(((0, 1), (23, 24)), ((8, 9), (13, 14))), (((0, 1), (23, 24)), ((10, 11), (19, 20))), (((0, 1), (23, 24)), ((17, 18), (26, 27))), (((8, 9), (13, 14)), ((10, 11), (19, 20))), (((8, 9), (13, 14)), ((17, 18), (26, 27))), (((10, 11), (19, 20)), ((17, 18), (26, 27)))]",3.9,4.5,2.9,0.5,11.3,200016.5938,False,2
28,UGAUGACAAAUGCUUAACCCAAGCACGGCA,30,28,"((0, 1), (19, 20))","((2, 3), (9, 10))","((7, 8), (13, 14))","((17, 18), (26, 27))","[(((0, 1), (19, 20)), ((2, 3), (9, 10))), (((0, 1), (19, 20)), ((7, 8), (13, 14))), (((0, 1), (19, 20)), ((17, 18), (26, 27))), (((2, 3), (9, 10)), ((7, 8), (13, 14))), (((2, 3), (9, 10)), ((17, 18), (26, 27))), (((7, 8), (13, 14)), ((17, 18), (26, 27)))]",3.2,2.4,3.9,0.5,9.5,200010.2969,False,2
29,UGAUGACAAAUGCUUAACCCAAGCACGGCA,30,29,"((0, 1), (19, 20))","((2, 3), (9, 10))","((7, 8), (13, 14))","((22, 23), (27, 28))","[(((0, 1), (19, 20)), ((2, 3), (9, 10))), (((0, 1), (19, 20)), ((7, 8), (13, 14))), (((0, 1), (19, 20)), ((22, 23), (27, 28))), (((2, 3), (9, 10)), ((7, 8), (13, 14))), (((2, 3), (9, 10)), ((22, 23), (27, 28))), (((7, 8), (13, 14)), ((22, 23), (27, 28)))]",3.2,2.4,3.9,0.5,9.5,100005.0,False,1
30,UGAUGACAAAUGCUUAACCCAAGCACGGCA,30,30,"((0, 1), (19, 20))","((3, 4), (28, 29))","((7, 8), (13, 14))","((17, 18), (26, 27))","[(((0, 1), (19, 20)), ((3, 4), (28, 29))), (((0, 1), (19, 20)), ((7, 8), (13, 14))), (((0, 1), (19, 20)), ((17, 18), (26, 27))), (((3, 4), (28, 29)), ((7, 8), (13, 14))), (((3, 4), (28, 29)), ((17, 18), (26, 27))), (((7, 8), (13, 14)), ((17, 18), (26, 27)))]",3.2,4.2,3.9,0.5,11.3,100011.7031,False,1
31,UGAUGACAAAUGCUUAACCCAAGCACGGCA,30,31,"((0, 1), (19, 20))","((3, 4), (28, 29))","((8, 9), (13, 14))","((17, 18), (26, 27))","[(((0, 1), (19, 20)), ((3, 4), (28, 29))), (((0, 1), (19, 20)), ((8, 9), (13, 14))), (((0, 1), (19, 20)), ((17, 18), (26, 27))), (((3, 4), (28, 29)), ((8, 9), (13, 14))), (((3, 4), (28, 29)), ((17, 18), (26, 27))), (((8, 9), (13, 14)), ((17, 18), (26, 27)))]",3.2,4.2,4.5,0.5,11.9,100012.2969,False,1
32,UGAUGACAAAUGCUUAACCCAAGCACGGCA,30,32,"((0, 1), (19, 20))","((3, 4), (23, 24))","((7, 8), (13, 14))","((10, 12), (27, 29))","[(((0, 1), (19, 20)), ((3, 4), (23, 24))), (((0, 1), (19, 20)), ((7, 8), (13, 14))), (((0, 1), (19, 20)), ((10, 12), (27, 29))), (((3, 4), (23, 24)), ((7, 8), (13, 14))), (((3, 4), (23, 24)), ((10, 12), (27, 29))), (((7, 8), (13, 14)), ((10, 12), (27, 29)))]",3.2,3.6,3.9,0.6,10.7,100022.1016,False,1
33,UGAUGACAAAUGCUUAACCCAAGCACGGCA,30,33,"((0, 1), (19, 20))","((3, 4), (23, 24))","((7, 8), (13, 14))","((17, 18), (26, 27))","[(((0, 1), (19, 20)), ((3, 4), (23, 24))), (((0, 1), (19, 20)), ((7, 8), (13, 14))), (((0, 1), (19, 20)), ((17, 18), (26, 27))), (((3, 4), (23, 24)), ((7, 8), (13, 14))), (((3, 4), (23, 24)), ((17, 18), (26, 27))), (((7, 8), (13, 14)), ((17, 18), (26, 27)))]",3.2,3.6,3.9,0.5,10.7,100010.7969,False,1
34,UGAUGACAAAUGCUUAACCCAAGCACGGCA,30,34,"((0, 1), (19, 20))","((3, 4), (23, 24))","((8, 9), (13, 14))","((10, 12), (27, 29))","[(((0, 1), (19, 20)), ((3, 4), (23, 24))), (((0, 1), (19, 20)), ((8, 9), (13, 14))), (((0, 1), (19, 20)), ((10, 12), (27, 29))), (((3, 4), (23, 24)), ((8, 9), (13, 14))), (((3, 4), (23, 24)), ((10, 12), (27, 29))), (((8, 9), (13, 14)), ((10, 12), (27, 29)))]",3.2,3.6,4.5,0.6,11.3,100018.7031,False,1
35,UGAUGACAAAUGCUUAACCCAAGCACGGCA,30,35,"((0, 1), (19, 20))","((3, 4), (23, 24))","((8, 9), (13, 14))","((17, 18), (26, 27))","[(((0, 1), (19, 20)), ((3, 4), (23, 24))), (((0, 1), (19, 20)), ((8, 9), (13, 14))), (((0, 1), (19, 20)), ((17, 18), (26, 27))), (((3, 4), (23, 24)), ((8, 9), (13, 14))), (((3, 4), (23, 24)), ((17, 18), (26, 27))), (((8, 9), (13, 14)), ((17, 18), (26, 27)))]",3.2,3.6,4.5,0.5,11.3,100011.3984,False,1
36,UGAUGACAAAUGCUUAACCCAAGCACGGCA,30,36,"((0, 1), (6, 7))","((3, 4), (28, 29))","((8, 9), (13, 14))","((10, 11), (19, 20))","[(((0, 1), (6, 7)), ((3, 4), (28, 29))), (((0, 1), (6, 7)), ((8, 9), (13, 14))), (((0, 1), (6, 7)), ((10, 11), (19, 20))), (((3, 4), (28, 29)), ((8, 9), (13, 14))), (((3, 4), (28, 29)), ((10, 11), (19, 20))), (((8, 9), (13, 14)), ((10, 11), (19, 20)))]",2.1,4.2,4.5,2.9,10.8,200007.7031,False,2
37,UGAUGACAAAUGCUUAACCCAAGCACGGCA,30,37,"((0, 1), (6, 7))","((3, 4), (28, 29))","((8, 9), (13, 14))","((17, 18), (26, 27))","[(((0, 1), (6, 7)), ((3, 4), (28, 29))), (((0, 1), (6, 7)), ((8, 9), (13, 14))), (((0, 1), (6, 7)), ((17, 18), (26, 27))), (((3, 4), (28, 29)), ((8, 9), (13, 14))), (((3, 4), (28, 29)), ((17, 18), (26, 27))), (((8, 9), (13, 14)), ((17, 18), (26, 27)))]",2.1,4.2,4.5,0.5,10.8,100005.3984,False,1
38,UGAUGACAAAUGCUUAACCCAAGCACGGCA,30,38,"((0, 1), (6, 7))","((3, 4), (28, 29))","((8, 9), (13, 14))","((18, 19), (26, 27))","[(((0, 1), (6, 7)), ((3, 4), (28, 29))), (((0, 1), (6, 7)), ((8, 9), (13, 14))), (((0, 1), (6, 7)), ((18, 19), (26, 27))), (((3, 4), (28, 29)), ((8, 9), (13, 14))), (((3, 4), (28, 29)), ((18, 19), (26, 27))), (((8, 9), (13, 14)), ((18, 19), (26, 27)))]",2.1,4.2,4.5,-0.1,10.8,100004.7969,False,1
39,UGAUGACAAAUGCUUAACCCAAGCACGGCA,30,39,"((0, 1), (6, 7))","((3, 4), (28, 29))","((10, 14), (20, 24))","((17, 18), (26, 27))","[(((0, 1), (6, 7)), ((3, 4), (28, 29))), (((0, 1), (6, 7)), ((10, 14), (20, 24))), (((0, 1), (6, 7)), ((17, 18), (26, 27))), (((3, 4), (28, 29)), ((10, 14), (20, 24))), (((3, 4), (28, 29)), ((17, 18), (26, 27))), (((10, 14), (20, 24)), ((17, 18), (26, 27)))]",2.1,4.2,-3.2,0.5,3.1,200014.2969,False,2
40,UGAUGACAAAUGCUUAACCCAAGCACGGCA,30,40,"((0, 1), (6, 7))","((3, 4), (28, 29))","((10, 14), (20, 24))","((18, 19), (26, 27))","[(((0, 1), (6, 7)), ((3, 4), (28, 29))), (((0, 1), (6, 7)), ((10, 14), (20, 24))), (((0, 1), (6, 7)), ((18, 19), (26, 27))), (((3, 4), (28, 29)), ((10, 14), (20, 24))), (((3, 4), (28, 29)), ((18, 19), (26, 27))), (((10, 14), (20, 24)), ((18, 19), (26, 27)))]",2.1,4.2,-3.2,-0.1,3.1,200014.7031,False,2
41,UGAUGACAAAUGCUUAACCCAAGCACGGCA,30,41,"((0, 1), (6, 7))","((3, 4), (28, 29))","((10, 11), (19, 20))","((17, 18), (26, 27))","[(((0, 1), (6, 7)), ((3, 4), (28, 29))), (((0, 1), (6, 7)), ((10, 11), (19, 20))), (((0, 1), (6, 7)), ((17, 18), (26, 27))), (((3, 4), (28, 29)), ((10, 11), (19, 20))), (((3, 4), (28, 29)), ((17, 18), (26, 27))), (((10, 11), (19, 20)), ((17, 18), (26, 27)))]",2.1,4.2,2.9,0.5,9.2,200006.7031,False,2
42,UGAUGACAAAUGCUUAACCCAAGCACGGCA,30,42,"((0, 1), (6, 7))","((3, 4), (23, 24))","((8, 9), (13, 14))","((10, 12), (27, 29))","[(((0, 1), (6, 7)), ((3, 4), (23, 24))), (((0, 1), (6, 7)), ((8, 9), (13, 14))), (((0, 1), (6, 7)), ((10, 12), (27, 29))), (((3, 4), (23, 24)), ((8, 9), (13, 14))), (((3, 4), (23, 24)), ((10, 12), (27, 29))), (((8, 9), (13, 14)), ((10, 12), (27, 29)))]",2.1,3.6,4.5,0.6,10.2,200013.2969,False,2
43,UGAUGACAAAUGCUUAACCCAAGCACGGCA,30,43,"((0, 1), (6, 7))","((3, 4), (23, 24))","((8, 9), (13, 14))","((10, 11), (19, 20))","[(((0, 1), (6, 7)), ((3, 4), (23, 24))), (((0, 1), (6, 7)), ((8, 9), (13, 14))), (((0, 1), (6, 7)), ((10, 11), (19, 20))), (((3, 4), (23, 24)), ((8, 9), (13, 14))), (((3, 4), (23, 24)), ((10, 11), (19, 20))), (((8, 9), (13, 14)), ((10, 11), (19, 20)))]",2.1,3.6,4.5,2.9,10.2,200007.2031,False,2
44,UGAUGACAAAUGCUUAACCCAAGCACGGCA,30,44,"((0, 1), (6, 7))","((3, 4), (23, 24))","((8, 9), (13, 14))","((17, 18), (26, 27))","[(((0, 1), (6, 7)), ((3, 4), (23, 24))), (((0, 1), (6, 7)), ((8, 9), (13, 14))), (((0, 1), (6, 7)), ((17, 18), (26, 27))), (((3, 4), (23, 24)), ((8, 9), (13, 14))), (((3, 4), (23, 24)), ((17, 18), (26, 27))), (((8, 9), (13, 14)), ((17, 18), (26, 27)))]",2.1,3.6,4.5,0.5,10.2,100014.5,False,1
45,UGAUGACAAAUGCUUAACCCAAGCACGGCA,30,45,"((0, 1), (6, 7))","((3, 4), (23, 24))","((8, 9), (13, 14))","((18, 19), (26, 27))","[(((0, 1), (6, 7)), ((3, 4), (23, 24))), (((0, 1), (6, 7)), ((8, 9), (13, 14))), (((0, 1), (6, 7)), ((18, 19), (26, 27))), (((3, 4), (23, 24)), ((8, 9), (13, 14))), (((3, 4), (23, 24)), ((18, 19), (26, 27))), (((8, 9), (13, 14)), ((18, 19), (26, 27)))]",2.1,3.6,4.5,-0.1,10.2,100014.8984,False,1
46,UGAUGACAAAUGCUUAACCCAAGCACGGCA,30,46,"((0, 1), (6, 7))","((3, 4), (23, 24))","((10, 11), (19, 20))","((17, 18), (26, 27))","[(((0, 1), (6, 7)), ((3, 4), (23, 24))), (((0, 1), (6, 7)), ((10, 11), (19, 20))), (((0, 1), (6, 7)), ((17, 18), (26, 27))), (((3, 4), (23, 24)), ((10, 11), (19, 20))), (((3, 4), (23, 24)), ((17, 18), (26, 27))), (((10, 11), (19, 20)), ((17, 18), (26, 27)))]",2.1,3.6,2.9,0.5,8.6,200007.9062,False,2
47,UGAUGACAAAUGCUUAACCCAAGCACGGCA,30,47,"((0, 1), (6, 7))","((3, 4), (19, 20))","((8, 9), (13, 14))","((10, 12), (27, 29))","[(((0, 1), (6, 7)), ((3, 4), (19, 20))), (((0, 1), (6, 7)), ((8, 9), (13, 14))), (((0, 1), (6, 7)), ((10, 12), (27, 29))), (((3, 4), (19, 20)), ((8, 9), (13, 14))), (((3, 4), (19, 20)), ((10, 12), (27, 29))), (((8, 9), (13, 14)), ((10, 12), (27, 29)))]",2.1,3.0,4.5,0.6,9.6,200013.7969,False,2
48,UGAUGACAAAUGCUUAACCCAAGCACGGCA,30,48,"((0, 1), (6, 7))","((3, 4), (19, 20))","((8, 9), (13, 14))","((17, 18), (26, 27))","[(((0, 1), (6, 7)), ((3, 4), (19, 20))), (((0, 1), (6, 7)), ((8, 9), (13, 14))), (((0, 1), (6, 7)), ((17, 18), (26, 27))), (((3, 4), (19, 20)), ((8, 9), (13, 14))), (((3, 4), (19, 20)), ((17, 18), (26, 27))), (((8, 9), (13, 14)), ((17, 18), (26, 27)))]",2.1,3.0,4.5,0.5,9.6,200009.2969,False,2
49,UGAUGACAAAUGCUUAACCCAAGCACGGCA,30,49,"((0, 1), (6, 7))","((3, 4), (19, 20))","((8, 9), (13, 14))","((22, 23), (27, 28))","[(((0, 1), (6, 7)), ((3, 4), (19, 20))), (((0, 1), (6, 7)), ((8, 9), (13, 14))), (((0, 1), (6, 7)), ((22, 23), (27, 28))), (((3, 4), (19, 20)), ((8, 9), (13, 14))), (((3, 4), (19, 20)), ((22, 23), (27, 28))), (((8, 9), (13, 14)), ((22, 23), (27, 28)))]",2.1,3.0,4.5,0.5,9.6,100005.2969,False,1
50,UGAUGACAAAUGCUUAACCCAAGCACGGCA,30,50,"((0, 1), (6, 7))","((8, 9), (13, 14))","((10, 11), (19, 20))","((17, 18), (26, 27))","[(((0, 1), (6, 7)), ((8, 9), (13, 14))), (((0, 1), (6, 7)), ((10, 11), (19, 20))), (((0, 1), (6, 7)), ((17, 18), (26, 27))), (((8, 9), (13, 14)), ((10, 11), (19, 20))), (((8, 9), (13, 14)), ((17, 18), (26, 27))), (((10, 11), (19, 20)), ((17, 18), (26, 27)))]",2.1,4.5,2.9,0.5,9.5,200011.7969,False,2
51,UGAUGACAAAUGCUUAACCCAAGCACGGCA,30,51,"((0, 1), (6, 7))","((8, 9), (13, 14))","((10, 11), (19, 20))","((22, 23), (27, 28))","[(((0, 1), (6, 7)), ((8, 9), (13, 14))), (((0, 1), (6, 7)), ((10, 11), (19, 20))), (((0, 1), (6, 7)), ((22, 23), (27, 28))), (((8, 9), (13, 14)), ((10, 11), (19, 20))), (((8, 9), (13, 14)), ((22, 23), (27, 28))), (((10, 11), (19, 20)), ((22, 23), (27, 28)))]",2.1,4.5,2.9,0.5,9.5,100009.0,False,1
52,UGAUGACAAAUGCUUAACCCAAGCACGGCA,30,52,"((3, 4), (28, 29))","((7, 8), (13, 14))","((10, 11), (19, 20))","((17, 18), (26, 27))","[(((3, 4), (28, 29)), ((7, 8), (13, 14))), (((3, 4), (28, 29)), ((10, 11), (19, 20))), (((3, 4), (28, 29)), ((17, 18), (26, 27))), (((7, 8), (13, 14)), ((10, 11), (19, 20))), (((7, 8), (13, 14)), ((17, 18), (26, 27))), (((10, 11), (19, 20)), ((17, 18), (26, 27)))]",4.2,3.9,2.9,0.5,11.0,200011.0,False,2
53,UGAUGACAAAUGCUUAACCCAAGCACGGCA,30,53,"((3, 4), (28, 29))","((8, 9), (13, 14))","((10, 11), (19, 20))","((17, 18), (26, 27))","[(((3, 4), (28, 29)), ((8, 9), (13, 14))), (((3, 4), (28, 29)), ((10, 11), (19, 20))), (((3, 4), (28, 29)), ((17, 18), (26, 27))), (((8, 9), (13, 14)), ((10, 11), (19, 20))), (((8, 9), (13, 14)), ((17, 18), (26, 27))), (((10, 11), (19, 20)), ((17, 18), (26, 27)))]",4.2,4.5,2.9,0.5,11.6,200011.5938,False,2
54,UGAUGACAAAUGCUUAACCCAAGCACGGCA,30,54,"((3, 4), (23, 24))","((7, 8), (13, 14))","((10, 11), (19, 20))","((17, 18), (26, 27))","[(((3, 4), (23, 24)), ((7, 8), (13, 14))), (((3, 4), (23, 24)), ((10, 11), (19, 20))), (((3, 4), (23, 24)), ((17, 18), (26, 27))), (((7, 8), (13, 14)), ((10, 11), (19, 20))), (((7, 8), (13, 14)), ((17, 18), (26, 27))), (((10, 11), (19, 20)), ((17, 18), (26, 27)))]",3.6,3.9,2.9,0.5,10.4,200013.5,False,2
55,UGAUGACAAAUGCUUAACCCAAGCACGGCA,30,55,"((3, 4), (23, 24))","((8, 9), (13, 14))","((10, 11), (19, 20))","((17, 18), (26, 27))","[(((3, 4), (23, 24)), ((8, 9), (13, 14))), (((3, 4), (23, 24)), ((10, 11), (19, 20))), (((3, 4), (23, 24)), ((17, 18), (26, 27))), (((8, 9), (13, 14)), ((10, 11), (19, 20))), (((8, 9), (13, 14)), ((17, 18), (26, 27))), (((10, 11), (19, 20)), ((17, 18), (26, 27)))]",3.6,4.5,2.9,0.5,11.0,200013.7031,False,2
