,seq,seq_len,ir_pair_index,ir_a,ir_b,ir_a_fe,ir_b_fe,ir_pair_fe_sum,ir_pair_fe_union,fe_additivity_assumption_held,ir_pair_forms_valid_loop,ir_pair_wholly_nested,ir_pair_partially_nested,ir_pair_disjoint
0,GAGCCGGGCAUGUCACAACCUGCG,24,0,"((0, 1), (12, 13))","((2, 3), (21, 22))",1.3,1.5,2.8,5.8,False,True,0,1,0
1,GAGCCGGGCAUGUCACAACCUGCG,24,1,"((0, 1), (12, 13))","((4, 5), (22, 23))",1.3,2.1,3.4,12.3,False,True,0,1,0
2,GAGCCGGGCAUGUCACAACCUGCG,24,2,"((0, 1), (12, 13))","((5, 6), (18, 19))",1.3,-0.6,0.7,2.8,False,True,0,1,0
3,GAGCCGGGCAUGUCACAACCUGCG,24,3,"((0, 1), (12, 13))","((6, 7), (18, 19))",1.3,1.1,2.4,2.5,False,True,0,1,0
4,GAGCCGGGCAUGUCACAACCUGCG,24,4,"((0, 1), (12, 13))","((7, 9), (20, 22))",1.3,-0.9,0.4,100006.2969,False,False,0,1,0
5,GAGCCGGGCAUGUCACAACCUGCG,24,5,"((0, 1), (12, 13))","((15, 16), (20, 21))",1.3,2.7,4.0,4.0,True,True,0,0,1
6,GAGCCGGGCAUGUCACAACCUGCG,24,6,"((1, 2), (19, 20))","((4, 5), (22, 23))",3.5,2.1,5.6,4.2,False,True,0,1,0
7,GAGCCGGGCAUGUCACAACCUGCG,24,7,"((1, 2), (19, 20))","((11, 12), (17, 18))",3.5,2.4,5.9,5.1,False,True,1,0,0
8,GAGCCGGGCAUGUCACAACCUGCG,24,8,"((2, 3), (21, 22))","((5, 6), (18, 19))",1.5,-0.6,0.9,-3.5,False,True,1,0,0
9,GAGCCGGGCAUGUCACAACCUGCG,24,9,"((2, 3), (21, 22))","((6, 7), (18, 19))",1.5,1.1,2.6,-0.4,False,True,1,0,0
10,GAGCCGGGCAUGUCACAACCUGCG,24,10,"((2, 3), (21, 22))","((11, 12), (17, 18))",1.5,2.4,3.9,3.8,False,True,1,0,0
11,GAGCCGGGCAUGUCACAACCUGCG,24,11,"((4, 5), (22, 23))","((6, 7), (18, 19))",2.1,1.1,3.2,2.2,False,True,1,0,0
12,GAGCCGGGCAUGUCACAACCUGCG,24,12,"((4, 5), (22, 23))","((11, 12), (17, 18))",2.1,2.4,4.5,3.0,False,True,1,0,0
13,GAGCCGGGCAUGUCACAACCUGCG,24,13,"((4, 5), (22, 23))","((13, 14), (20, 21))",2.1,2.9,5.0,5.3,False,True,1,0,0
14,GAGCCGGGCAUGUCACAACCUGCG,24,14,"((4, 5), (22, 23))","((15, 16), (20, 21))",2.1,2.7,4.8,5.9,False,True,1,0,0
15,GAGCCGGGCAUGUCACAACCUGCG,24,15,"((5, 6), (18, 19))","((7, 9), (20, 22))",-0.6,-0.9,-1.5,5.3,False,True,0,1,0
16,GAGCCGGGCAUGUCACAACCUGCG,24,16,"((5, 6), (18, 19))","((13, 14), (20, 21))",-0.6,2.9,2.3,12.8,False,True,0,1,0
17,GAGCCGGGCAUGUCACAACCUGCG,24,17,"((5, 6), (18, 19))","((15, 16), (20, 21))",-0.6,2.7,2.1,100007.2031,False,False,0,1,0
18,GAGCCGGGCAUGUCACAACCUGCG,24,18,"((6, 7), (18, 19))","((13, 14), (20, 21))",1.1,2.9,4.0,12.4,False,True,0,1,0
19,GAGCCGGGCAUGUCACAACCUGCG,24,19,"((6, 7), (18, 19))","((15, 16), (20, 21))",1.1,2.7,3.8,100007.1016,False,False,0,1,0
20,GAGCCGGGCAUGUCACAACCUGCG,24,20,"((7, 9), (20, 22))","((11, 12), (17, 18))",-0.9,2.4,1.5,-2.7,False,True,1,0,0
21,GAGCCGGGCAUGUCACAACCUGCG,24,21,"((11, 12), (17, 18))","((13, 14), (20, 21))",2.4,2.9,5.3,100007.7031,False,False,0,1,0
22,GAGCCGGGCAUGUCACAACCUGCG,24,22,"((11, 12), (17, 18))","((15, 16), (20, 21))",2.4,2.7,5.1,100006.2969,False,False,0,1,0
